﻿<?xml version="1.0" encoding="UTF-8"?>
<ImagimobStudio version="1.1.0">
  <Model name="conv1d-medium-balanced-2" id="7adb938f-2e75-4af0-b498-6d27a6b8ed18">
    <LossFunction>CategoricalCrossentropy</LossFunction>
    <Epochs>100</Epochs>
    <BatchSize>4</BatchSize>
    <SplitCount>2</SplitCount>
    <Patience>20</Patience>
    <TrainingEnvironment>
    </TrainingEnvironment>
    <Optimizer>
      <LearningRate>0.004</LearningRate>
      <WeightDecay>0.0001</WeightDecay>
    </Optimizer>
    <Network inshape="[50,3]" intype="Float32" infreq="0" outshape="[3]" outtype="Float32">
      <Unit id="Core.Layers.Convolution1D">
        <Argument param="filters" type="Int32">16</Argument>
        <Argument param="kernel_size" type="Int32">3</Argument>
        <Argument param="strides" type="Int32">2</Argument>
        <Argument param="padding" type="String">same</Argument>
        <Argument param="activation" type="String">linear</Argument>
        <Argument param="use_bias" type="Boolean">False</Argument>
      </Unit>
      <Unit id="Core.Layers.BatchNormalization">
        <Argument param="epsilon" type="Double">0.001</Argument>
        <Argument param="axis" type="Int32">-1</Argument>
      </Unit>
      <Unit id="Core.Layers.Activation">
        <Argument param="activation" type="String">relu</Argument>
      </Unit>
      <Unit id="Core.Layers.Convolution1D">
        <Argument param="filters" type="Int32">32</Argument>
        <Argument param="kernel_size" type="Int32">3</Argument>
        <Argument param="strides" type="Int32">1</Argument>
        <Argument param="padding" type="String">same</Argument>
        <Argument param="activation" type="String">linear</Argument>
        <Argument param="use_bias" type="Boolean">False</Argument>
      </Unit>
      <Unit id="Core.Layers.Convolution1D">
        <Argument param="filters" type="Int32">32</Argument>
        <Argument param="kernel_size" type="Int32">3</Argument>
        <Argument param="strides" type="Int32">1</Argument>
        <Argument param="padding" type="String">same</Argument>
        <Argument param="activation" type="String">linear</Argument>
        <Argument param="use_bias" type="Boolean">False</Argument>
      </Unit>
      <Unit id="Core.Layers.BatchNormalization">
        <Argument param="epsilon" type="Double">0.001</Argument>
        <Argument param="axis" type="Int32">-1</Argument>
      </Unit>
      <Unit id="Core.Layers.Activation">
        <Argument param="activation" type="String">relu</Argument>
      </Unit>
      <Unit id="Core.Layers.MaxPool1D">
        <Argument param="pool_size" type="Int32">2</Argument>
        <Argument param="strides" type="Int32">2</Argument>
        <Argument param="padding" type="String">valid</Argument>
      </Unit>
      <Unit id="Core.Layers.Convolution1D">
        <Argument param="filters" type="Int32">32</Argument>
        <Argument param="kernel_size" type="Int32">3</Argument>
        <Argument param="strides" type="Int32">1</Argument>
        <Argument param="padding" type="String">same</Argument>
        <Argument param="activation" type="String">linear</Argument>
        <Argument param="use_bias" type="Boolean">False</Argument>
      </Unit>
      <Unit id="Core.Layers.Convolution1D">
        <Argument param="filters" type="Int32">32</Argument>
        <Argument param="kernel_size" type="Int32">3</Argument>
        <Argument param="strides" type="Int32">1</Argument>
        <Argument param="padding" type="String">same</Argument>
        <Argument param="activation" type="String">linear</Argument>
        <Argument param="use_bias" type="Boolean">False</Argument>
      </Unit>
      <Unit id="Core.Layers.BatchNormalization">
        <Argument param="epsilon" type="Double">0.001</Argument>
        <Argument param="axis" type="Int32">-1</Argument>
      </Unit>
      <Unit id="Core.Layers.Activation">
        <Argument param="activation" type="String">relu</Argument>
      </Unit>
      <Unit id="Core.Layers.MaxPool1D">
        <Argument param="pool_size" type="Int32">2</Argument>
        <Argument param="strides" type="Int32">2</Argument>
        <Argument param="padding" type="String">valid</Argument>
      </Unit>
      <Unit id="Core.Layers.GlobalAveragePool1D" />
      <Unit id="Core.Layers.Dense">
        <Argument param="units" type="Int32">3</Argument>
        <Argument param="use_bias" type="Boolean">True</Argument>
        <Argument param="activation" type="String">linear</Argument>
      </Unit>
      <Unit id="Core.Layers.Activation">
        <Argument param="activation" type="String">softmax</Argument>
      </Unit>
    </Network>
    <BuildSteps>
      <Training />
      <ConfusionMatrix />
    </BuildSteps>
    <SymbolWeights>
      <SymbolWeight symbol="up" weight="1" />
      <SymbolWeight symbol="down" weight="1" />
    </SymbolWeights>
    <Preprocessor inshape="[3]" intype="Float32" infreq="50" outshape="[50,3]" outtype="Float32">
      <Unit id="Core.Packages.ContextualWindow">
        <Argument param="contextual_length_sec" type="Double">1</Argument>
        <Argument param="prediction_freq" type="Double">10</Argument>
        <Argument param="input" type="String">data</Argument>
        <Argument param="time_input" type="String">time</Argument>
        <Argument param="output" type="String">data</Argument>
        <Argument param="time_output" type="String">time</Argument>
      </Unit>
    </Preprocessor>
    <Postprocessor inshape="[128,3]" intype="Float32" infreq="1" outshape="[128,3]" outtype="Float32" />
  </Model>
</ImagimobStudio>