{
  "class_name": "Sequential",
  "config": {
    "name": "conv1d-medium-balanced-1",
    "layers": [
      {
        "class_name": "Conv1D",
        "config": {
          "name": "layer_0",
          "dtype": "float32",
          "filters": 16,
          "kernel_size": 3,
          "dilation_rate": 1,
          "strides": 2,
          "padding": "same",
          "activation": "linear",
          "use_bias": false,
          "trainable": true,
          "batch_input_shape": [
            null,
            50,
            3
          ]
        }
      },
      {
        "class_name": "BatchNormalization",
        "config": {
          "name": "layer_1",
          "dtype": "float32",
          "epsilon": 0.001,
          "trainable": true,
          "scale": true,
          "center": true,
          "axis": -1
        }
      },
      {
        "class_name": "Activation",
        "config": {
          "name": "layer_2",
          "dtype": "float32",
          "activation": "relu",
          "trainable": true
        }
      },
      {
        "class_name": "Conv1D",
        "config": {
          "name": "layer_3",
          "dtype": "float32",
          "filters": 16,
          "kernel_size": 3,
          "dilation_rate": 1,
          "strides": 1,
          "padding": "same",
          "activation": "linear",
          "use_bias": false,
          "trainable": true
        }
      },
      {
        "class_name": "Conv1D",
        "config": {
          "name": "layer_4",
          "dtype": "float32",
          "filters": 16,
          "kernel_size": 3,
          "dilation_rate": 1,
          "strides": 1,
          "padding": "same",
          "activation": "linear",
          "use_bias": false,
          "trainable": true
        }
      },
      {
        "class_name": "BatchNormalization",
        "config": {
          "name": "layer_5",
          "dtype": "float32",
          "epsilon": 0.001,
          "trainable": true,
          "scale": true,
          "center": true,
          "axis": -1
        }
      },
      {
        "class_name": "Activation",
        "config": {
          "name": "layer_6",
          "dtype": "float32",
          "activation": "relu",
          "trainable": true
        }
      },
      {
        "class_name": "MaxPooling1D",
        "config": {
          "name": "layer_7",
          "dtype": "float32",
          "pool_size": 2,
          "strides": 2,
          "padding": "valid",
          "trainable": true
        }
      },
      {
        "class_name": "Conv1D",
        "config": {
          "name": "layer_8",
          "dtype": "float32",
          "filters": 32,
          "kernel_size": 3,
          "dilation_rate": 1,
          "strides": 1,
          "padding": "same",
          "activation": "linear",
          "use_bias": false,
          "trainable": true
        }
      },
      {
        "class_name": "Conv1D",
        "config": {
          "name": "layer_9",
          "dtype": "float32",
          "filters": 32,
          "kernel_size": 3,
          "dilation_rate": 1,
          "strides": 1,
          "padding": "same",
          "activation": "linear",
          "use_bias": false,
          "trainable": true
        }
      },
      {
        "class_name": "BatchNormalization",
        "config": {
          "name": "layer_10",
          "dtype": "float32",
          "epsilon": 0.001,
          "trainable": true,
          "scale": true,
          "center": true,
          "axis": -1
        }
      },
      {
        "class_name": "Activation",
        "config": {
          "name": "layer_11",
          "dtype": "float32",
          "activation": "relu",
          "trainable": true
        }
      },
      {
        "class_name": "MaxPooling1D",
        "config": {
          "name": "layer_12",
          "dtype": "float32",
          "pool_size": 2,
          "strides": 2,
          "padding": "valid",
          "trainable": true
        }
      },
      {
        "class_name": "GlobalAveragePooling1D",
        "config": {
          "name": "layer_13",
          "dtype": "float32",
          "trainable": true
        }
      },
      {
        "class_name": "Dense",
        "config": {
          "name": "layer_14",
          "dtype": "float32",
          "units": 3,
          "use_bias": true,
          "activation": "linear",
          "trainable": true
        }
      },
      {
        "class_name": "Activation",
        "config": {
          "name": "layer_15",
          "dtype": "float32",
          "activation": "softmax",
          "trainable": true
        }
      }
    ]
  }
}